,City,Cloudiness,Country,Date,Humidity,Temp,Lat,Lng,Wind Speed
0,namibe,0,AO,1547442796,100,70.88,-15.19,12.15,5.39
1,gloucester,90,GB,1547441760,67,45.68,51.87,-2.25,10.29
2,pinega,64,RU,1547443091,81,18.86,64.7,43.39,5.39
3,ushuaia,92,AR,1547443091,83,46.13,-54.81,-68.31,13.56
4,plettenberg bay,0,ZA,1547442511,100,66.83,-34.05,23.37,3.71
5,tuatapere,0,NZ,1547442529,93,57.29,-46.13,167.69,6.85
6,rikitea,88,PF,1547443092,97,79.88,-23.12,-134.97,12.33
7,guerrero negro,100,MX,1547442451,92,58.19,27.97,-114.04,4.16
8,dikson,80,RU,1547442494,92,0.95,73.51,80.55,30.33
9,butaritari,80,KI,1547442367,100,84.65,3.07,172.79,16.8
10,kangaatsiaq,32,GL,1547443093,100,1.31,68.31,-53.46,11.65
11,wattegama,36,LK,1547443093,83,81.95,7.35,80.68,4.72
12,takoradi,76,GH,1547442860,100,82.04,4.89,-1.75,9.64
13,kawalu,92,ID,1547443094,95,73.13,-7.38,108.21,1.36
14,tiksi,12,RU,1547442541,0,-37.67,71.64,128.87,2.59
15,saint george,0,GR,1547441400,79,28.4,39.45,22.34,6.93
16,geraldton,90,CA,1547440740,86,26.6,49.72,-86.95,11.41
17,erzurum,90,TR,1547441400,92,17.6,39.91,41.27,2.24
18,busselton,0,AU,1547443096,79,75.02,-33.64,115.35,9.98
19,cherskiy,12,RU,1547442496,0,-29.12,68.75,161.3,3.94
20,matagami,8,NG,1547442891,52,60.35,9.67,8.4,4.27
21,vaini,0,IN,1547442000,31,78.8,15.34,74.49,3.36
22,port-gentil,40,GA,1547442000,94,78.8,-0.72,8.78,3.36
23,hermanus,68,ZA,1547443097,87,60.53,-34.42,19.24,3.15
24,kokopo,64,PG,1547443097,100,81.86,-4.34,152.27,3.6
25,poum,68,MK,1547443097,55,4.01,41.28,20.71,1.92
26,ucluelet,0,CA,1547443098,95,35.06,48.94,-125.55,1.92
27,chokurdakh,24,RU,1547442754,42,-26.6,70.62,147.9,3.49
28,hami,0,CN,1547442803,65,27.23,42.84,93.51,7.4
29,koygorodok,80,RU,1547443098,79,17.96,60.44,51.01,7.18
30,imbituba,40,BR,1547442000,94,77.0,-28.24,-48.67,6.93
31,bluff,0,AU,1547442483,32,93.92,-23.58,149.07,14.56
32,clyde river,90,CA,1547440860,66,-31.01,70.47,-68.59,4.7
33,punta arenas,75,CL,1547442000,71,50.0,-53.16,-70.91,4.7
34,coquimbo,0,CL,1547438400,82,60.8,-29.95,-71.34,3.36
35,provideniya,90,RU,1547438400,77,5.0,64.42,-173.23,22.37
36,palafrugell,0,ES,1547440200,86,41.0,41.92,3.16,3.36
37,sao filipe,48,CV,1547442518,99,71.78,14.9,-24.5,12.44
38,te anau,0,NZ,1547442544,55,62.96,-45.41,167.72,3.71
39,fernley,1,US,1547441760,60,33.08,39.61,-119.25,2.48
40,upernavik,20,GL,1547442507,100,-11.39,72.79,-56.15,5.61
41,margate,0,AU,1547440200,34,78.8,-43.03,147.26,14.99
42,luderitz,0,NA,1547442750,88,61.16,-26.65,15.16,12.1
43,bredasdorp,88,ZA,1547442000,64,68.0,-34.53,20.04,2.24
44,kungurtug,0,RU,1547443102,46,-1.22,50.6,97.53,1.81
45,vardo,90,US,1547441700,92,30.2,39.62,-77.74,4.7
46,souillac,90,FR,1547440200,93,48.2,45.6,-0.6,8.05
47,tasiilaq,32,GL,1547441400,78,12.2,65.61,-37.64,3.36
48,nikolskoye,75,RU,1547440200,92,28.4,59.7,30.79,8.95
49,muros,90,ES,1547440200,87,44.6,42.77,-9.06,4.7
50,puma,56,TZ,1547443104,97,63.68,-5.0,34.76,4.72
51,grand gaube,75,MU,1547438400,66,84.2,-20.01,57.66,11.41
52,gazli,76,UZ,1547442787,61,49.01,40.13,63.45,20.71
53,cabo san lucas,5,MX,1547440800,56,68.0,22.89,-109.91,9.17
54,salalah,20,OM,1547441400,64,75.2,17.01,54.1,3.36
55,roald,75,NO,1547441400,74,35.6,62.58,6.12,35.57
56,isangel,80,VU,1547443105,100,79.25,-19.55,169.27,15.12
57,atuona,44,PF,1547442520,99,81.68,-9.8,-139.03,15.12
58,hammerfest,0,NO,1547437800,85,19.4,70.66,23.68,4.7
59,coihaique,0,CL,1547442000,62,51.8,-45.58,-72.07,6.93
60,preobrazheniye,0,RU,1547443106,65,30.47,42.9,133.91,2.59
61,kapaa,75,US,1547441760,78,75.02,22.08,-159.32,6.93
62,hobart,0,AU,1547440200,34,78.8,-42.88,147.33,14.99
63,hilo,90,US,1547441580,75,73.04,19.71,-155.08,5.82
64,maldonado,90,UY,1547442000,94,69.8,-34.91,-54.96,5.82
65,mataura,0,NZ,1547443107,70,63.5,-46.19,168.86,6.17
66,bustamante,64,MX,1547443108,91,39.29,26.53,-100.51,2.59
67,charters towers,88,AU,1547443108,62,84.38,-20.07,146.27,12.88
68,yining,92,CN,1547442866,97,44.69,29.04,114.56,3.27
69,kruisfontein,0,ZA,1547442533,85,68.63,-34.0,24.73,5.17
70,port augusta,0,AU,1547438400,22,98.6,-32.49,137.76,10.29
71,chuy,92,UY,1547442660,98,71.78,-33.69,-53.46,8.75
72,kodiak,90,US,1547440500,79,28.04,39.95,-94.76,3.36
73,ilulissat,24,GL,1547441400,58,-5.81,69.22,-51.1,2.24
74,chernenko,80,UA,1547443110,88,22.82,47.23,37.74,7.96
75,igrim,80,RU,1547443110,85,16.7,63.19,64.42,6.4
76,thinadhoo,100,MV,1547442483,100,81.95,0.53,72.93,8.97
77,anuchino,76,RU,1547443111,73,26.69,43.97,133.06,2.93
78,albany,1,US,1547441820,72,10.94,42.65,-73.75,5.82
79,baykit,92,RU,1547442543,62,-8.6,61.68,96.39,3.6
80,kenora,90,CA,1547441760,92,21.2,49.76,-94.48,3.6
81,arraial do cabo,0,BR,1547442524,89,75.47,-22.97,-42.02,12.66
82,gueret,90,FR,1547440200,100,42.8,46.17,1.87,9.17
83,katsuura,20,JP,1547442000,57,51.8,33.93,134.5,10.29
84,susangerd,90,IR,1547442000,82,59.0,31.56,48.19,6.93
85,sahuaripa,32,MX,1547443113,78,42.44,29.05,-109.23,1.92
86,kudahuvadhoo,56,MV,1547442483,100,81.59,2.67,72.89,14.34
87,kahului,40,US,1547441760,68,77.0,20.89,-156.47,4.7
88,esperance,20,TT,1547442000,94,68.0,10.24,-61.45,4.05
89,peniche,0,PT,1547440200,93,39.2,39.36,-9.38,4.05
90,letlhakane,20,BW,1547443114,82,74.75,-21.42,25.59,9.64
91,morant bay,20,JM,1547442000,73,75.2,17.88,-76.41,6.93
92,avarua,75,CK,1547442000,78,80.6,-21.21,-159.78,10.29
93,merauke,80,ID,1547443115,93,83.03,-8.49,140.4,7.29
94,nara,20,JP,1547442000,43,53.6,34.68,135.8,3.36
95,cayenne,20,GF,1547440200,94,73.4,4.94,-52.33,1.12
96,nhulunbuy,40,AU,1547440200,83,82.4,-12.18,136.78,6.93
97,caravelas,88,BR,1547443116,100,80.06,-17.73,-39.27,9.08
98,campo maior,0,ES,1547443117,65,22.91,39.01,-7.07,2.82
99,wanlaweyn,0,SO,1547443117,58,80.6,2.62,44.89,13.78
100,fare,68,PF,1547443117,100,82.49,-16.7,-151.02,18.25
101,puerto ayora,56,EC,1547442845,100,75.83,-0.74,-90.35,7.63
102,necochea,88,AR,1547442897,97,65.3,-38.55,-58.74,7.74
103,diego de almagro,0,CL,1547443119,80,51.53,-26.39,-70.05,2.59
104,husavik,76,CA,1547442542,80,11.93,50.56,-96.99,9.98
105,fairbanks,1,US,1547441880,79,-7.07,64.84,-147.72,2.93
106,carnarvon,0,ZA,1547442533,44,62.78,-30.97,22.13,4.61
107,jorochito,75,BO,1547442000,94,73.4,-18.06,-63.43,8.05
108,khatanga,44,RU,1547443120,41,-26.33,71.98,102.47,11.43
109,cabedelo,40,BR,1547438400,94,77.0,-6.97,-34.84,5.82
110,dunedin,0,NZ,1547442524,81,57.56,-45.87,170.5,11.21
111,road town,1,VG,1547441580,84,73.94,18.42,-64.62,14.45
112,victoria,75,BN,1547440200,66,89.6,5.28,115.24,3.36
113,jamestown,0,AU,1547442927,49,96.71,-33.21,138.6,3.83
114,assiniboia,0,CA,1547443122,79,15.71,49.63,-105.99,3.04
115,new norfolk,0,AU,1547440200,34,78.8,-42.78,147.06,14.99
116,san patricio,12,PY,1547443122,89,77.18,-26.98,-56.83,3.6
117,hambantota,75,LK,1547439000,79,84.2,6.12,81.12,13.87
118,narasannapeta,8,IN,1547442772,52,82.58,18.42,84.04,3.71
119,puerto madryn,0,AR,1547443123,80,63.59,-42.77,-65.04,20.49
120,portland,1,US,1547441580,67,44.06,45.52,-122.67,9.17
121,omboue,92,GA,1547443124,100,79.25,-1.57,9.26,1.14
122,vondrozo,100,MG,1547443124,100,75.83,-22.82,47.32,4.27
123,walvis bay,90,NA,1547442000,88,66.2,-22.95,14.51,3.36
124,yanam,0,IN,1547442000,73,75.2,16.73,82.22,4.7
125,saldanha,0,PT,1547443125,75,19.85,41.42,-6.55,2.71
126,east london,20,ZA,1547442000,72,68.0,-33.02,27.91,5.82
127,santa cruz del norte,20,CU,1547441700,93,66.2,23.15,-81.92,3.36
128,port alfred,48,ZA,1547442938,91,69.53,-33.59,26.89,5.61
129,poronaysk,0,RU,1547443127,76,13.1,49.22,143.1,2.48
130,novonukutskiy,0,RU,1547443127,64,-4.19,53.7,102.71,4.38
131,yellowknife,5,CA,1547438400,66,-29.21,62.45,-114.38,8.05
132,san pedro,92,AR,1547443129,100,69.89,-33.68,-59.66,4.94
133,severo-kurilsk,32,RU,1547442770,100,29.75,50.68,156.12,6.85
134,manacor,0,ES,1547440200,87,50.0,39.57,3.21,9.17
135,santa isabel do rio negro,76,BR,1547443129,100,72.59,-0.41,-65.02,2.37
136,mar del plata,0,AR,1547443130,44,58.19,-46.43,-67.52,7.4
137,saskylakh,0,RU,1547443130,0,-56.03,71.97,114.09,8.08
138,floro,40,NO,1547441400,100,32.0,61.6,5.03,32.21
139,sabang,76,PH,1547442689,89,78.35,13.72,123.58,13.44
140,weyburn,48,CA,1547443131,78,14.99,49.67,-103.85,5.61
141,kirakira,0,SB,1547442542,100,83.03,-10.46,161.92,7.52
142,cap malheureux,40,MU,1547442000,66,84.2,-19.98,57.61,14.99
143,acapulco,20,MX,1547440800,88,77.0,16.86,-99.88,3.36
144,nacala,76,MZ,1547443132,95,81.5,-14.56,40.69,8.75
145,grindavik,75,IS,1547442000,80,30.2,63.84,-22.43,13.87
146,santa cecilia,88,CO,1547443133,97,63.5,5.35,-76.12,1.25
147,rundu,80,NA,1547443133,72,72.23,-17.91,19.77,7.96
148,lagoa,0,PT,1547440200,75,41.0,37.14,-8.45,8.05
149,deputatskiy,44,RU,1547443134,44,-28.67,69.3,139.9,3.49
150,georgetown,0,GY,1547442000,94,71.6,6.8,-58.16,4.7
151,coahuayana,36,MX,1547443134,73,61.79,18.62,-100.35,4.61
152,pochutla,0,MX,1547443135,100,78.26,15.74,-96.47,3.83
153,qaanaaq,0,GL,1547443135,100,-25.43,77.48,-69.36,11.21
154,the valley,20,AI,1547438400,73,77.0,18.22,-63.06,8.05
155,saint-philippe,1,CA,1547441700,87,6.8,45.36,-73.48,2.93
156,bolobo,92,CD,1547443136,100,70.52,-2.17,16.23,5.95
157,kupino,12,RU,1547443136,78,11.12,54.36,77.31,14.67
158,mayo,5,CA,1547438400,75,-16.61,63.59,-135.9,2.24
159,ancud,0,CL,1547438400,93,46.4,-41.87,-73.83,4.7
160,portoferraio,0,IT,1547443137,99,58.73,42.81,10.31,12.44
161,bethel,20,US,1547441760,81,35.96,60.79,-161.76,13.87
162,celestun,0,MX,1547442881,99,74.21,20.87,-90.4,17.58
163,irece,0,BR,1547443138,73,69.26,-11.3,-41.86,8.75
164,cidreira,32,BR,1547443139,97,74.93,-30.17,-50.22,8.19
165,lichuan,76,CN,1547443139,82,42.89,30.3,108.94,2.48
166,lamar,90,US,1547437980,95,32.0,38.09,-102.62,6.93
167,tuktoyaktuk,40,CA,1547438400,75,-20.21,69.44,-133.03,20.8
168,pervomayskoye,88,RU,1547443140,89,13.28,57.07,86.23,11.99
169,san jeronimo,92,PE,1547443141,97,43.61,-13.65,-73.37,2.04
170,douentza,0,ML,1547443141,65,48.38,15.01,-2.95,4.16
171,bennington,1,US,1547441640,79,10.94,42.88,-73.2,1.48
172,goulburn,0,AU,1547443142,57,87.26,-34.75,149.72,5.17
173,srivardhan,0,IN,1547443142,59,84.29,18.03,73.02,1.81
174,buala,100,SB,1547443142,88,82.94,-8.15,159.59,9.08
175,barrow,92,AR,1547443143,98,63.86,-38.31,-60.23,7.52
176,teruel,0,ES,1547440200,92,60.8,40.34,-1.11,11.41
177,mayakonda,0,IN,1547443143,59,76.73,14.29,76.08,9.86
178,vao,92,EE,1547442675,98,31.82,59.1,26.19,6.96
179,nyaunglebin,20,MM,1547443144,68,85.28,17.95,96.73,4.27
180,baruun-urt,12,MN,1547442555,40,-0.5,46.68,113.28,16.8
181,shaunavon,0,CA,1547443144,73,15.26,49.65,-108.41,5.17
182,whyalla,12,AU,1547438400,22,98.6,-33.04,137.58,10.29
183,kavieng,68,PG,1547443145,100,83.75,-2.57,150.8,12.21
184,airai,80,TL,1547442890,95,72.59,-8.93,125.41,1.92
185,chippewa falls,90,US,1547442900,77,29.66,44.94,-91.39,4.7
186,mount gambier,36,AU,1547438400,38,87.8,-37.83,140.78,9.17
187,west wendover,90,US,1547441760,84,24.98,40.74,-114.07,3.36
188,ferme-neuve,8,CA,1547443146,63,-8.33,46.7,-75.45,3.6
189,komsomolskiy,64,RU,1547442804,81,5.45,67.55,63.78,11.99
190,bambous virieux,75,MU,1547438400,66,84.2,-20.34,57.76,11.41
191,xining,36,CN,1547442776,48,21.65,36.62,101.77,2.82
192,bull savanna,20,JM,1547443147,88,64.94,17.89,-77.59,2.37
193,diebougou,0,BF,1547442801,39,59.27,10.97,-3.25,7.07
194,trofors,90,NO,1547441400,92,26.6,65.54,13.39,4.7
195,kiunga,92,PG,1547443145,92,79.25,-6.12,141.3,2.82
196,daur,0,PK,1547442000,66,55.4,26.46,68.32,4.7
197,hualmay,48,PE,1547442800,94,62.33,-11.1,-77.61,5.06
198,haines junction,32,CA,1547443149,39,-14.45,60.75,-137.51,1.92
199,thompson,5,CA,1547438400,70,-0.41,55.74,-97.86,5.82
200,port hedland,0,AU,1547440200,59,93.2,-20.31,118.58,25.28
201,jose de freitas,20,BR,1547442000,94,73.4,-4.76,-42.58,2.24
202,cape town,0,ZA,1547442000,82,60.8,-33.93,18.42,3.36
203,raudeberg,40,NO,1547441400,97,33.8,61.99,5.14,32.21
204,oneonta,0,US,1547443129,72,0.05,42.45,-75.06,2.37
205,lorengau,80,PG,1547443151,96,84.38,-2.02,147.27,14.56
206,codrington,40,AU,1547442000,48,87.8,-28.95,153.24,12.75
207,exeter,75,GB,1547441400,75,46.4,50.73,-3.53,11.41
208,sompeta,12,IN,1547443152,53,80.15,18.93,84.6,3.27
209,brae,32,GB,1547441400,64,35.6,60.4,-1.35,23.04
210,chiredzi,8,ZW,1547443152,54,88.16,-21.05,31.67,4.61
211,senador jose porfirio,20,BR,1547443153,97,76.19,-2.59,-51.95,4.05
212,durango,90,US,1547442240,100,32.0,37.28,-107.88,4.7
213,oskaloosa,90,US,1547441640,81,30.92,39.22,-95.31,2.15
214,lebu,0,ET,1547443154,24,57.74,8.96,38.73,5.06
215,leningradskiy,20,RU,1547442780,100,-17.33,69.38,178.42,8.63
216,yagodnoye,44,RU,1547443154,57,-21.65,62.52,149.63,2.04
217,xuddur,0,SO,1547442895,54,74.3,4.12,43.89,14.12
218,fortuna,0,ES,1547440200,73,50.0,38.18,-1.13,11.41
219,yangambi,92,CD,1547443155,94,73.31,0.77,24.47,3.27
220,mildura,0,AU,1547442000,6,107.6,-34.18,142.16,10.29
221,san joaquin,20,PH,1547443156,59,85.19,10.59,122.14,17.36
222,port elizabeth,90,US,1547441760,66,30.02,39.31,-74.98,14.99
223,jais,0,IN,1547443156,91,63.86,26.27,81.55,9.19
224,prokopyevsk,0,RU,1547443157,59,-2.03,53.89,86.74,3.27
225,kadaya,32,RU,1547443157,54,2.48,50.93,119.29,11.32
226,mana,75,RS,1547442000,92,28.4,43.52,20.24,3.36
227,banjarmasin,40,ID,1547440200,52,93.2,-3.32,114.59,9.17
228,ribeira grande,44,PT,1547443158,100,61.07,38.52,-28.7,12.21
229,pisco,0,PE,1547442000,88,69.8,-13.71,-76.2,12.75
230,misratah,32,LY,1547443159,100,52.43,32.38,15.09,25.52
231,goderich,0,CA,1547443159,81,6.08,43.74,-81.71,4.72
232,blackwater,40,GB,1547441400,75,48.2,51.33,-0.78,12.75
233,gorom-gorom,0,BF,1547443160,39,55.58,14.45,-0.24,9.08
234,birjand,40,IR,1547442000,20,46.4,32.86,59.22,20.8
235,carmen,8,PH,1547442355,45,92.75,7.2,124.8,10.65
236,kutum,0,SD,1547442895,31,50.27,14.2,24.66,7.96
237,tera,20,CY,1547440200,87,46.4,34.97,32.42,8.05
238,ponta do sol,48,BR,1547443161,95,65.03,-20.63,-46.0,2.48
239,padang,20,ID,1547438400,70,86.0,-0.92,100.36,3.36
240,mehamn,20,NO,1547441400,85,24.8,71.03,27.85,4.7
241,belmonte,0,PT,1547442810,75,22.55,40.36,-7.35,2.82
242,ahipara,92,NZ,1547443162,85,66.11,-35.17,173.16,15.79
243,betafo,12,MG,1547443163,95,69.89,-19.84,46.86,4.05
244,endicott,1,US,1547441700,75,10.94,42.1,-76.05,6.93
245,buchanan,40,LR,1547442000,94,75.2,5.88,-10.05,7.96
246,pervomayskiy,76,RU,1547443164,88,22.64,53.24,40.29,15.57
247,baker city,90,US,1547441580,81,28.94,44.77,-117.83,6.93
248,yahotyn,0,UA,1547442000,85,19.4,50.28,31.76,13.42
249,burns lake,88,CA,1547442876,97,24.08,54.23,-125.76,2.71
250,namwala,56,ZM,1547443165,97,70.16,-15.75,26.45,10.76
251,kostyantynivka,76,UA,1547443165,89,21.38,48.53,37.71,11.65
252,pokrovskoye,64,RU,1547443165,85,20.48,47.41,38.9,6.17
253,ossora,24,RU,1547443166,82,-5.18,59.24,163.07,4.16
254,caucaia,75,BR,1547442000,94,78.8,-3.73,-38.66,3.36
255,hervey bay,75,AU,1547438400,52,87.8,-25.3,152.85,21.92
256,xam nua,0,LA,1547443167,61,73.94,20.42,104.04,1.81
257,hithadhoo,12,MV,1547443167,100,82.13,-0.6,73.08,5.73
258,iqaluit,90,CA,1547441280,77,1.4,63.75,-68.52,21.92
259,comodoro rivadavia,0,AR,1547438400,41,59.0,-45.87,-67.48,9.42
260,mahebourg,40,MU,1547442000,66,84.2,-20.41,57.7,14.99
261,marawi,80,PH,1547442842,61,79.25,8.0,124.29,2.59
262,kannur,0,IN,1547443168,30,87.08,11.88,75.37,3.83
263,nome,1,US,1547441700,84,42.08,30.04,-94.42,4.7
264,labytnangi,76,RU,1547443169,72,8.51,66.66,66.39,9.19
265,agirish,36,RU,1547443169,78,17.06,61.92,63.02,6.17
266,chicama,20,PE,1547442000,88,69.8,-7.84,-79.15,11.41
267,rio grande,80,BR,1547443170,96,76.1,-32.03,-52.1,9.98
268,conakry,8,GN,1547443170,100,80.51,9.52,-13.7,8.75
269,alofi,0,NU,1547442000,78,82.4,-19.06,-169.92,11.41
270,otofuke,20,JP,1547442000,53,23.0,43.02,143.2,3.36
271,abha,0,SA,1547442000,51,60.8,18.22,42.5,3.36
272,praia,0,BR,1547443171,94,62.06,-20.25,-43.81,5.84
273,novaya mayna,75,RU,1547442000,84,5.0,54.15,49.76,7.29
274,tura,0,IN,1547443172,70,71.42,25.52,90.21,2.37
275,ambilobe,32,MG,1547442820,100,79.61,-13.19,49.05,4.38
276,apache junction,1,US,1547441760,73,53.96,33.41,-111.55,3.36
277,maniitsoq,0,GL,1547442893,100,6.98,65.42,-52.9,3.71
278,castro,0,CL,1547442000,93,44.6,-42.48,-73.76,4.7
279,pevek,0,RU,1547443173,56,-32.27,69.7,170.27,0.58
280,pekalongan,12,ID,1547443173,100,81.23,-6.89,109.67,11.99
281,saint-pierre,90,FR,1547440200,87,44.6,48.95,4.24,14.99
282,faanui,76,PF,1547443174,100,83.03,-16.48,-151.75,18.7
283,sibolga,92,ID,1547442840,97,73.67,1.74,98.78,1.14
284,bucak,75,TR,1547441400,93,46.4,37.46,30.59,3.36
285,teguldet,80,RU,1547442859,73,14.45,57.31,88.17,8.86
286,beringovskiy,68,RU,1547443175,91,-11.12,63.05,179.32,34.36
287,ust-kuyga,56,RU,1547443176,0,-35.42,70.0,135.55,4.16
288,basco,90,US,1547441700,86,28.4,40.33,-91.2,4.05
289,alton,90,US,1547442060,88,30.92,38.89,-90.18,4.7
290,beroroha,8,MG,1547443177,70,83.3,-21.68,45.17,4.16
291,carutapera,92,BR,1547443177,94,77.54,-1.2,-46.02,4.05
292,san carlos,12,VE,1547443177,74,73.58,9.66,-68.59,7.74
293,roma,40,IT,1547441400,87,50.0,41.89,12.48,8.05
294,ventspils,90,LV,1547441400,100,33.8,57.39,21.56,12.75
295,quebec,40,CA,1547438400,77,-0.41,46.83,-71.24,6.93
296,esso,56,RU,1547443179,62,1.31,55.93,158.7,2.15
297,vila velha,75,BR,1547442000,94,78.8,-3.71,-38.6,3.36
298,tabou,48,CI,1547443179,99,82.85,4.42,-7.36,9.53
299,ostrovnoy,32,RU,1547443180,90,14.54,68.05,39.51,10.42
300,tabuk,0,PH,1547443180,60,76.91,17.41,121.44,2.59
301,lompoc,90,US,1547441880,74,57.92,34.64,-120.46,14.99
302,novyy nekouz,80,RU,1547443181,87,23.63,57.91,38.06,16.24
303,sana,44,CF,1547443181,72,76.91,4.87,22.71,4.38
304,fort nelson,90,CA,1547438400,83,-7.61,58.81,-122.69,2.24
305,norman wells,90,CA,1547438400,69,-13.01,65.28,-126.83,4.7
306,mongu,92,ZM,1547443182,100,65.93,-15.27,23.14,0.81
307,aklavik,20,CA,1547438400,67,-22.01,68.22,-135.01,6.93
308,itaituba,76,BR,1547443182,99,72.77,-4.26,-55.99,2.37
309,hokitika,0,NZ,1547443183,80,64.85,-42.72,170.96,10.98
310,cockburn town,0,TC,1547442889,100,77.81,21.46,-71.14,14.12
311,tommot,48,RU,1547443183,39,-13.37,58.97,126.27,4.94
312,lucapa,36,AO,1547443184,87,70.88,-8.42,20.74,4.27
313,monduli,20,TZ,1547442000,93,59.0,-3.3,36.45,1.36
314,bhainsdehi,0,IN,1547443184,45,75.38,21.65,77.63,5.39
315,wiang sa,40,TH,1547442000,70,87.8,8.64,99.37,6.93
316,tsiroanomandidy,20,MG,1547443185,98,74.39,-18.77,46.05,6.96
317,inirida,76,CO,1547443185,90,73.85,3.87,-67.92,1.92
318,kloulklubed,75,PW,1547441460,70,84.2,7.04,134.26,13.87
319,sonoita,1,US,1547441880,70,53.06,31.68,-110.66,4.7
320,sao domingos,64,BR,1547443186,79,69.98,-13.4,-46.32,5.84
321,new london,1,US,1547442900,85,15.08,43.41,-71.99,2.71
322,touros,20,BR,1547442000,94,77.0,-5.2,-35.46,2.24
323,makkaveyevo,0,RU,1547442000,37,-0.41,51.75,113.95,15.66
324,kyaikkami,20,MM,1547443187,62,89.06,16.08,97.57,3.71
325,nova olimpia,24,BR,1547443187,92,70.79,-14.8,-57.29,2.59
326,nakamura,20,JP,1547442000,37,53.6,35.17,136.87,9.17
327,constitucion,0,MX,1547443188,76,42.62,23.99,-104.67,5.28
328,vallenar,0,CL,1547443188,86,49.28,-28.58,-70.76,1.59
329,ferrol,75,ES,1547440200,81,50.0,43.48,-8.23,3.36
330,kainantu,64,PG,1547443189,96,70.52,-6.29,145.87,1.59
331,rawson,0,AR,1547443190,62,61.52,-43.3,-65.11,14.45
332,cabra,0,ES,1547440200,92,30.2,37.47,-4.43,2.24
333,san policarpo,100,PH,1547443190,100,77.27,12.18,125.51,16.13
334,saint-michel-des-saints,0,CA,1547443191,36,-11.12,46.68,-73.92,3.6
335,nyagan,56,RU,1547443191,87,19.85,62.14,65.43,6.73
336,saint anthony,1,US,1547441760,83,8.06,43.97,-111.68,4.7
337,sao desiderio,56,BR,1547443192,63,69.8,-12.36,-44.97,9.53
338,ukiah,1,US,1547441760,79,44.96,39.15,-123.21,4.7
339,kostomuksha,76,RU,1547443192,86,14.09,64.59,30.6,4.83
340,bathsheba,40,BB,1547442000,73,75.2,13.22,-59.52,10.29
341,tazovskiy,88,RU,1547443193,79,12.56,67.47,78.7,14.45
342,fukue,20,JP,1547442000,37,53.6,35.03,136.69,9.17
343,half moon bay,1,US,1547441760,82,55.94,37.46,-122.43,18.81
344,mlonggo,20,ID,1547442000,70,86.0,-6.53,110.7,11.41
345,antigonish,90,CA,1547438400,85,14.0,45.62,-61.99,8.05
346,fort frances,90,CA,1547438100,95,24.08,48.61,-93.4,5.82
347,los llanos de aridane,20,ES,1547440200,16,69.8,28.66,-17.92,19.46
348,ingham,92,AU,1547443195,100,78.71,-18.65,146.16,14.23
349,kasimov,88,RU,1547443195,87,21.83,54.94,41.4,15.68
350,general roca,0,AR,1547442000,72,60.8,-39.03,-67.58,2.93
351,wewak,92,PG,1547442760,75,84.83,-3.55,143.63,5.73
352,jacqueville,20,CI,1547440200,83,84.2,5.21,-4.42,9.17
353,jumla,0,NP,1547443196,67,28.58,29.28,82.18,0.92
354,malumfashi,0,NG,1547443197,54,52.79,11.79,7.62,8.19
355,gushikawa,90,JP,1547442000,61,68.0,26.35,127.87,5.82
356,itarema,64,BR,1547443197,97,73.58,-2.92,-39.92,3.71
357,thayetmyo,12,MM,1547443198,73,81.23,19.32,95.18,6.51
358,kedrovyy,56,RU,1547442000,77,-0.41,56.17,91.82,2.24
359,igdir,20,IR,1547442000,86,28.4,37.52,45.24,6.93
360,calama,0,CL,1547442000,46,50.0,-22.46,-68.93,10.29
361,lavrentiya,76,RU,1547442762,99,5.54,65.58,-170.99,28.88
362,hazleton,1,US,1547442900,53,26.6,40.96,-75.99,3.6
363,emden,92,DE,1547441700,80,41.0,53.37,7.21,9.17
364,lasa,20,CY,1547440200,87,46.4,34.92,32.53,8.05
365,ewa beach,90,US,1547441820,64,78.08,21.32,-158.01,3.36
366,colac,0,AU,1547443201,32,91.31,-38.34,143.59,3.15
367,vanimo,32,PG,1547443201,100,82.94,-2.67,141.3,20.83
368,gayeri,0,BF,1547443201,41,58.28,12.65,0.49,8.08
369,sept-iles,5,CA,1547438400,76,-7.61,50.2,-66.38,5.82
370,provost,0,CA,1547443202,67,6.62,52.35,-110.26,3.15
371,akureyri,90,IS,1547442000,79,21.2,65.68,-18.09,4.7
372,champerico,40,MX,1547440800,68,71.6,16.38,-93.6,6.93
373,powell river,20,CA,1547442000,100,39.2,49.84,-124.52,5.61
374,torbay,90,CA,1547438400,79,23.0,47.66,-52.73,14.99
375,labuhan,44,ID,1547443204,86,81.41,-2.54,115.51,1.92
376,kaitangata,0,NZ,1547443204,81,59.36,-46.28,169.85,9.75
377,simao,0,CN,1547443204,65,69.98,22.76,100.79,2.93
378,harvard,90,US,1547441700,88,29.3,40.62,-98.1,9.17
379,vikhorevka,48,RU,1547442000,83,-14.81,56.12,101.17,6.71
380,farafangana,48,MG,1547443205,100,79.61,-22.82,47.83,6.62
381,manaus,40,BR,1547442000,94,73.4,-3.13,-59.98,6.93
382,severo-yeniseyskiy,92,RU,1547443206,72,5.81,60.37,93.04,7.52
383,saint-augustin,75,FR,1547440200,93,50.0,44.83,-0.61,11.41
384,njombe,80,TZ,1547443207,98,64.58,-9.34,34.77,3.38
385,turukhansk,76,RU,1547443207,66,-4.28,65.8,87.96,17.02
386,pailon,75,BO,1547442000,94,73.4,-17.66,-62.72,8.05
387,suntar,24,RU,1547443207,31,-21.2,62.16,117.65,3.71
388,bestobe,56,KZ,1547443208,93,18.59,52.5,73.1,10.65
389,sitka,8,US,1547443208,78,21.47,37.17,-99.65,6.62
390,gorgan,90,IR,1547442000,76,53.6,36.84,54.43,11.41
391,ouallam,0,NE,1547443209,58,58.55,14.32,2.08,10.65
392,tambovka,92,UA,1547443209,94,30.2,46.93,35.45,10.76
393,vuktyl,76,RU,1547443209,71,14.27,63.86,57.31,8.19
394,kamaishi,20,JP,1547442000,37,37.4,39.28,141.86,6.93
395,pandamatenga,12,BW,1547443210,81,74.39,-18.54,25.64,8.97
396,kulachi,0,PK,1547443210,73,48.83,31.93,70.46,3.83
397,vestmannaeyjar,0,IS,1547443210,100,28.31,63.44,-20.27,2.71
398,ponta delgada,40,PT,1547440200,77,59.0,37.73,-25.67,5.82
399,hamilton,75,BM,1547438100,72,66.2,32.3,-64.78,12.75
400,salmas,20,IR,1547442000,79,28.4,38.2,44.77,2.48
401,kropotkin,80,RU,1547443211,99,30.11,45.43,40.58,4.5
402,olavarria,56,AR,1547443212,96,65.03,-36.89,-60.32,6.73
403,san lorenzo,0,PY,1547438400,94,77.0,-25.34,-57.51,7.07
404,danville,90,US,1547442900,96,32.36,36.59,-79.4,6.93
405,zhigansk,36,RU,1547443213,34,-23.0,66.77,123.37,2.71
406,monte alegre,92,BR,1547443214,100,70.88,-2.0,-54.07,1.59
407,dandong,8,CN,1547443214,40,33.89,40.12,124.37,3.6
408,bowen,90,AU,1547442000,74,82.4,-20.01,148.25,19.46
409,naze,12,NG,1547442720,93,73.85,5.43,7.07,6.51
410,inuvik,40,CA,1547442000,67,-22.01,68.36,-133.71,5.82
411,ambon,75,FR,1547440200,87,50.0,47.55,-2.56,6.93
412,tallahassee,90,US,1547440500,81,51.8,30.44,-84.28,3.36
413,yubileynyy,12,MD,1547443216,71,21.65,47.78,29.0,10.65
414,marathon,92,CA,1547443216,88,32.36,48.72,-86.38,15.9
415,pangnirtung,90,CA,1547438400,57,-9.41,66.15,-65.72,3.36
416,bela cruz,64,BR,1547443216,97,73.58,-3.05,-40.17,3.71
417,normandin,32,CA,1547443217,62,-3.38,48.84,-72.53,5.95
418,srednekolymsk,64,RU,1547443217,35,-23.36,67.46,153.71,4.94
419,vieques,20,PR,1547441760,78,75.92,18.43,-65.83,13.44
420,olinda,75,EC,1547442000,88,77.0,-2.03,-79.75,8.05
421,bloomsburg,90,US,1547441760,57,26.6,41.0,-76.45,4.7
422,santa ana,0,SV,1547441400,68,69.8,13.99,-89.56,6.93
423,wanning,75,AT,1547441400,86,39.2,48.64,13.53,21.92
424,tumaco,80,CO,1547443220,100,74.39,1.8,-78.82,3.38
425,tessalit,0,ML,1547443220,58,35.33,20.2,1.01,3.83
426,mareeba,90,AU,1547442780,88,78.8,-16.99,145.42,13.87
427,mehran,90,IR,1547442000,87,48.2,33.12,46.17,4.7
428,amapa,75,HN,1547442000,94,71.6,15.09,-87.97,3.36
429,zheleznodorozhnyy,75,RU,1547442000,92,26.6,55.75,38.0,8.95
430,banda aceh,12,ID,1547443222,75,85.46,5.56,95.32,3.04
431,tamandare,56,BR,1547443222,97,72.86,-8.28,-70.75,3.6
432,aliwal north,0,ZA,1547443222,32,73.94,-30.69,26.71,2.37
433,kaka,68,TM,1547443223,60,55.31,37.35,59.62,11.65
434,hisar,0,IN,1547443223,91,54.32,29.16,75.73,9.42
435,cururupu,88,BR,1547443223,93,76.73,-1.82,-44.87,3.94
436,lagunas,20,PE,1547443224,94,73.76,-5.23,-75.68,2.15
437,kamra,0,PK,1547443224,81,46.22,33.86,72.39,8.75
438,prado,88,BR,1547443224,94,80.15,-17.34,-39.22,9.31
439,westport,88,IE,1547442720,92,46.13,53.8,-9.52,11.54
440,sam roi yot,20,TH,1547442000,66,86.0,12.21,99.86,5.82
441,tual,32,ID,1547443225,100,82.49,-5.67,132.75,12.44
442,zavetnoye,76,RU,1547443226,87,23.36,47.12,43.89,3.94
443,gat,20,SN,1547442000,82,68.0,14.69,-16.54,13.87
444,port-cartier,5,CA,1547438400,76,-7.61,50.03,-66.88,5.82
445,kamir,0,PK,1547443226,100,53.6,30.43,73.04,5.39
446,shimoda,75,JP,1547438400,49,50.0,34.7,138.93,16.11
447,karratha,0,AU,1547442814,19,108.05,-20.74,116.85,14.9
448,hobyo,0,SO,1547442820,72,78.35,5.35,48.53,16.35
449,iracoubo,80,GF,1547443227,88,74.75,5.48,-53.21,3.71
450,longyearbyen,40,NO,1547441400,61,12.2,78.22,15.63,14.99
451,camacha,40,PT,1547440200,72,64.4,33.08,-16.33,12.75
452,san jose del guaviare,76,CO,1547443228,90,73.04,2.57,-72.65,2.15
453,maragogi,92,BR,1547443229,100,71.6,-9.01,-35.22,3.49
454,nuwara eliya,80,LK,1547443229,94,72.68,6.97,80.77,1.36
455,prescott,1,US,1547441580,95,30.02,34.54,-112.47,2.59
456,harper,90,US,1547441700,72,44.24,30.3,-99.24,8.05
457,awjilah,0,LY,1547443230,54,41.09,29.14,21.3,11.65
458,prince rupert,90,CA,1547438400,70,48.2,54.32,-130.32,6.93
459,culpeper,90,US,1547442720,92,30.92,38.47,-78.0,6.93
460,jining,80,CN,1547443007,64,46.76,35.41,116.58,5.73
461,la ronge,90,CA,1547438400,85,12.2,55.1,-105.3,10.29
462,shalakusha,76,RU,1547443231,80,19.04,62.23,40.26,7.96
463,agadir,0,MA,1547440200,100,39.2,30.42,-9.58,5.82
464,leshukonskoye,64,RU,1547442894,78,22.01,64.9,45.76,6.4
465,capao bonito,24,BR,1547443232,96,63.59,-24.01,-48.35,3.83
466,valdemarpils,90,LV,1547441400,100,33.8,57.37,22.59,12.75
467,wangkui,88,CN,1547443233,64,15.44,46.83,126.5,8.97
468,kuntaur,0,GM,1547443233,36,67.37,13.67,-14.89,9.53
469,salekhard,76,RU,1547443233,72,8.51,66.54,66.62,9.19
470,houston,1,US,1547441700,65,48.92,29.76,-95.37,5.82
471,yerbogachen,68,RU,1547443234,71,-10.67,61.28,108.01,7.63
472,usogorsk,88,RU,1547442901,76,20.12,63.43,48.71,6.62
473,aberdeen,90,US,1547441100,96,28.94,45.47,-98.49,5.82
474,dalmeny,90,CA,1547440920,92,21.2,52.34,-106.77,2.24
475,salym,88,RU,1547443235,83,21.38,60.06,71.48,9.53
476,kottagudem,0,IN,1547443235,82,78.26,17.55,80.63,4.5
477,nanortalik,80,GL,1547443236,92,29.48,60.14,-45.24,19.82
478,mokhotlong,0,LS,1547442837,65,62.42,-29.29,29.06,2.59
479,cepu,20,ID,1547443236,71,90.41,-7.14,111.59,6.62
480,dillon,1,US,1547441580,73,15.08,45.22,-112.64,10.29
481,riverton,1,US,1547441580,83,6.98,43.02,-108.38,1.7
482,mongo,44,CF,1547443237,72,76.91,4.83,22.92,4.38
483,novoorsk,90,RU,1547442000,92,28.4,51.38,58.98,8.95
484,northam,92,GB,1547437800,70,46.4,51.04,-4.21,9.17
485,gamboma,48,CG,1547443238,95,69.89,-1.87,15.88,10.2
486,channel-port aux basques,36,CA,1547443238,100,27.59,47.57,-59.14,20.83
487,farkhor,75,TJ,1547442000,63,44.6,37.49,69.4,4.47
488,narsaq,56,GL,1547441400,47,35.6,60.91,-46.05,25.28
489,vanderhoof,48,CA,1547443239,95,23.9,54.02,-124.02,2.71
490,la troncal,88,EC,1547442000,93,77.0,-2.42,-79.34,1.14
491,vostok,80,RU,1547443240,74,18.95,46.45,135.83,2.71
492,urubamba,75,PE,1547442000,81,51.8,-13.31,-72.12,1.92
493,taree,44,AU,1547442000,54,82.4,-31.91,152.46,14.99
494,manono,92,CD,1547443240,81,75.11,-7.3,27.4,3.83
495,qaqortoq,68,GL,1547441400,47,35.6,60.72,-46.03,25.28
496,north bend,1,US,1547441760,82,42.98,43.41,-124.22,8.05
497,cardston,1,CA,1547438400,50,28.4,49.2,-113.32,10.29
498,kattivakkam,40,IN,1547442000,58,82.4,13.22,80.32,9.17
499,tubuala,20,PA,1547442000,83,75.2,9.52,-79.03,2.24
500,frankenberg,75,DE,1547441400,75,41.0,49.04,9.68,12.75
501,paamiut,12,GL,1547443243,100,29.21,61.99,-49.67,15.68
502,puerto rondon,48,CO,1547443228,48,83.48,6.28,-71.1,8.97
503,palmer,1,US,1547441880,60,28.04,61.6,-149.11,19.46
504,praia da vitoria,40,PT,1547438400,87,59.0,38.73,-27.07,11.99
505,saint-georges,0,CA,1547443244,69,-10.22,46.12,-70.67,3.15
506,iquique,0,CL,1547442000,68,68.0,-20.22,-70.14,9.17
507,synya,80,RU,1547443244,82,15.89,65.37,58.04,11.21
508,nata,20,CY,1547440200,87,46.4,34.78,32.57,8.05
509,marzuq,0,YE,1547443245,63,58.82,14.4,46.47,3.27
510,neath,90,GB,1547441400,75,46.4,51.66,-3.8,11.41
511,filingue,0,NE,1547443246,52,56.12,14.35,3.32,8.52
512,zavitinsk,68,RU,1547443246,73,5.72,50.11,129.44,3.94
513,sinnamary,92,GF,1547443246,98,77.99,5.38,-52.96,9.31
514,puro,56,PH,1547443246,81,79.34,13.13,123.76,11.99
515,hofn,92,IS,1547442802,100,27.86,64.25,-15.21,4.83
516,anadyr,0,RU,1547442000,67,-25.61,64.73,177.51,13.42
517,besuki,64,ID,1547443247,100,81.86,-7.73,113.69,2.82
518,atar,88,MR,1547442852,19,60.26,20.52,-13.05,8.41
519,porangatu,80,BR,1547443248,90,68.99,-13.44,-49.14,2.93
520,ballina,80,IE,1547442818,89,45.23,54.11,-9.15,10.76
521,dingle,20,PH,1547443249,59,85.19,11.0,122.67,17.36
522,treinta y tres,92,UY,1547443249,100,69.62,-33.23,-54.39,6.4
523,shubarkuduk,80,KZ,1547443249,96,27.68,49.15,56.49,4.61
524,slave lake,90,CA,1547439360,100,24.8,55.28,-114.77,4.7
525,volchanets,20,RU,1547443250,71,31.91,42.91,132.75,2.93
526,amantea,90,IT,1547438100,100,41.0,39.13,16.07,5.82
527,mocuba,92,MZ,1547443250,92,77.63,-16.84,36.99,5.28
528,bam,80,IR,1547443251,36,55.67,29.11,58.36,3.04
529,luziania,0,BR,1547442000,82,68.0,-16.25,-47.95,1.12
530,nakonde,92,ZM,1547443251,99,64.4,-9.33,32.75,2.93
531,murray bridge,32,AU,1547443237,50,86.45,-35.12,139.28,3.71
532,sechura,0,PE,1547443252,88,71.69,-5.56,-80.82,11.1
533,kavaratti,0,IN,1547442797,100,82.49,10.57,72.64,10.87
534,mount isa,40,AU,1547442000,16,104.0,-20.73,139.49,17.22
535,crawfordsville,75,US,1547442900,73,23.0,40.04,-86.9,6.96
536,carauari,88,BR,1547443253,97,72.86,-4.88,-66.9,5.17
537,marsa matruh,75,EG,1547438400,87,46.4,31.35,27.25,16.11
538,okha,8,RU,1547443253,82,-1.49,53.59,142.95,3.83
539,brookings,75,US,1547441760,96,34.52,44.31,-96.8,8.05
540,eyl,0,SO,1547443254,87,76.46,7.98,49.82,13.67
541,mao,20,DO,1547442000,100,68.0,19.55,-71.08,4.7
542,vorukh,8,KG,1547443255,62,3.83,39.85,70.57,1.03
543,nioro,0,GM,1547442799,36,67.37,13.79,-15.05,9.53
544,noshiro,20,JP,1547442000,47,37.4,40.21,140.05,1.12
545,chepareria,20,KE,1547443256,69,61.88,1.32,35.2,1.48
546,tulum,40,MX,1547441640,94,73.4,20.21,-87.46,9.17
547,cafelandia,36,BR,1547443256,95,70.43,-21.8,-49.61,2.93
548,amboasary,20,MG,1547442000,79,84.2,-25.04,46.38,9.17
549,ambam,8,NG,1547443257,52,60.35,9.52,8.32,4.27
550,tucuman,32,PE,1547443042,90,53.42,-17.17,-70.89,0.58
551,sisimiut,44,GL,1547443257,100,-25.7,66.94,-53.67,2.59
552,rexburg,1,US,1547441760,83,8.06,43.82,-111.79,4.7
553,maralal,20,KE,1547443258,73,66.29,1.1,36.7,3.49
554,englewood,1,US,1547441640,88,30.2,39.65,-104.99,4.7
555,khanu woralaksaburi,24,TH,1547443258,71,86.72,16.06,99.86,4.5
556,hearst,92,CA,1547443259,84,27.05,49.69,-83.67,7.96
557,parrita,0,CR,1547442000,60,69.8,9.52,-84.33,16.11
558,san rafael,0,AR,1547443260,73,54.95,-34.61,-68.33,3.38
559,natal,20,BR,1547438400,83,78.8,-5.81,-35.21,4.7
